away team,home team,game date (Pacific)
Massachusetts,Rutgers,2026-09-03
Bethune-Cookman,UCF,2026-09-03
Akron,Wake Forest,2026-09-03
Merrimack,Delaware,2026-09-03
West Georgia,Kennesaw State,2026-09-03
UAlbany,Buffalo,2026-09-03
Arkansas-Pine Bluff,Missouri,2026-09-03
Colorado,Georgia Tech,2026-09-03
Eastern Illinois,Minnesota,2026-09-03
Idaho,Utah,2026-09-03
UAB,Illinois,2026-09-03
Kentucky,Morehead State,2026-09-03
Lindenwood,Stony Brook,2026-09-03
Southern Illinois,Samford,2026-09-03
San Jose State,Eastern Michigan,2026-09-04
Indiana State,Purdue,2026-09-04
North Carolina A&T,Georgia State,2026-09-04
UTEP,Oklahoma,2026-09-04
Long Island University,Kansas,2026-09-04
Toledo,Michigan State,2026-09-04
Miami,Stanford,2026-09-04
Fresno State,USC,2026-09-04
North Texas,Indiana,2026-09-05
East Carolina,Alabama,2026-09-05
Oregon State,Houston,2026-09-05
Coastal Carolina,West Virginia,2026-09-05
New Hampshire,Syracuse,2026-09-05
Ohio,Nebraska,2026-09-05
Lafayette,UConn,2026-09-05
Bryant,Army,2026-09-05
Tarleton State,Bowling Green,2026-09-05
Liberty,James Madison,2026-09-05
Ball State,Ohio State,2026-09-05
Miami (OH),Pittsburgh,2026-09-05
Kent State,South Carolina,2026-09-05
Youngstown State,Kentucky,2026-09-05
Southeast Missouri State,Iowa State,2026-09-05
Duquesne,Air Force,2026-09-05
Rhode Island,Temple,2026-09-05
Tennessee State,Georgia,2026-09-05
Boise State,Oregon,2026-09-05
Texas State,Texas,2026-09-05
Marshall,Penn State,2026-09-05
Furman,Tennessee,2026-09-05
Baylor,Auburn,2026-09-05
Boston College,Cincinnati,2026-09-05
Tulane,Duke,2026-09-05
The Citadel,Charlotte,2026-09-05
Towson,Navy,2026-09-05
UT Rio Grande Valley,UTSA,2026-09-05
Fordham,North Dakota State,2026-09-05
Maine,App State,2026-09-05
Oklahoma State,Tulsa,2026-09-05
Northern Illinois,Iowa,2026-09-05
North Alabama,Arkansas,2026-09-05
Alcorn State,Southern Miss,2026-09-05
Wyoming,Colorado State,2026-09-05
Norfolk State,Old Dominion,2026-09-05
Missouri State,Texas A&M,2026-09-05
Abilene Christian,Texas Tech,2026-09-05
Austin Peay,Vanderbilt,2026-09-05
Nicholls,Kansas State,2026-09-05
Idaho State,Utah State,2026-09-05
Arkansas State,Memphis,2026-09-05
Houston Christian,Rice,2026-09-05
Florida International,South Florida,2026-09-05
Murray State,Middle Tennessee,2026-09-05
Eastern Kentucky,Jacksonville State,2026-09-05
Charleston Southern,Georgia Southern,2026-09-05
SE Louisiana,South Alabama,2026-09-05
Sam Houston,Troy,2026-09-05
Clemson,LSU,2026-09-05
Western Michigan,Michigan,2026-09-05
UL Monroe,Mississippi State,2026-09-05
VMI,Virginia Tech,2026-09-05
Northwestern State,Louisiana Tech,2026-09-05
Florida Atlantic,Florida,2026-09-05
Utah Tech,BYU,2026-09-05
Hampton,Maryland,2026-09-05
South Dakota State,Northwestern,2026-09-05
Lamar,Louisiana,2026-09-05
Mercyhurst,New Mexico State,2026-09-05
Northern Arizona,Arizona,2026-09-05
Portland State,San Diego State,2026-09-05
Morgan State,Arizona State,2026-09-05
UNLV,Hawai'i,2026-09-05
Central Michigan,New Mexico,2026-09-05
Mississippi Valley State,Sacramento State,2026-09-05
UCLA,California,2026-09-05
Western Kentucky,Nevada,2026-09-05
Stonehill,New Haven,2026-09-05
Southern,Wagner,2026-09-05
Lehigh,Georgetown,2026-09-05
Holy Cross,Colgate,2026-09-05
Gardner-Webb,Wofford,2026-09-05
Sacred Heart,Monmouth,2026-09-05
Drake,Montana,2026-09-05
Western Carolina,Campbell,2026-09-05
USC,East Tennessee State,2026-09-05
Elon,Davidson,2026-09-05
Delaware State,William & Mary,2026-09-05
West Virginia,Robert Morris,2026-09-05
Villanova,Bucknell,2026-09-05
Presbyterian,Mercer,2026-09-05
Tennessee Tech,Chattanooga,2026-09-05
Richmond,Howard,2026-09-05
Chicago State,UT Martin,2026-09-05
Illinois State,Western Illinois,2026-09-05
West Florida,Central Arkansas,2026-09-05
Northern Iowa,Eastern Washington,2026-09-05
Kentucky,Southern,2026-09-05
Texas,McNeese,2026-09-05
South Dakota,Northern Colorado,2026-09-05
Washington,Cal Poly,2026-09-05
Weber State,Southern Utah,2026-09-05
East Texas A&M,Stephen F. Austin,2026-09-05
Butler,Montana State,2026-09-05
UC Davis,San Diego,2026-09-05
Washington State,Washington,2026-09-06
Wisconsin,Notre Dame,2026-09-06
Louisville,Ole Miss,2026-09-06
Texas Southern,Prairie View A&M,2026-09-06
South Carolina State,Florida A&M,2026-09-06
SMU,Florida State,2026-09-07
Florida A&M,Miami,2026-09-10
Villanova,Louisville,2026-09-11
Norfolk State,Virginia,2026-09-11
Richmond,NC State,2026-09-11
Rutgers,Boston College,2026-09-11
Missouri,Kansas,2026-09-11
Oregon,Oklahoma State,2026-09-12
Howard,Indiana,2026-09-12
Arizona State,Texas A&M,2026-09-12
Oklahoma,Michigan,2026-09-12
Penn State,Temple,2026-09-12
Washington State,Kansas State,2026-09-12
East Tennessee State,North Carolina,2026-09-12
Old Dominion,Virginia Tech,2026-09-12
Wake Forest,Purdue,2026-09-12
South Florida,Army,2026-09-12
App State,East Carolina,2026-09-12
Wofford,Kent State,2026-09-12
Western Kentucky,Georgia,2026-09-12
UT Martin,West Virginia,2026-09-12
Colgate,Central Michigan,2026-09-12
Holy Cross,Miami (OH),2026-09-12
Stony Brook,Ball State,2026-09-12
Rice,Notre Dame,2026-09-12
Alabama,Kentucky,2026-09-12
Arizona,BYU,2026-09-12
Utah State,Washington,2026-09-12
Mississippi State,Minnesota,2026-09-12
Weber State,Colorado,2026-09-12
UCF,Pittsburgh,2026-09-12
California,Syracuse,2026-09-12
Duke,Illinois,2026-09-12
Eastern Michigan,Michigan State,2026-09-12
Maryland,UConn,2026-09-12
UTSA,Texas State,2026-09-12
UL Monroe,UAB,2026-09-12
Robert Morris,Akron,2026-09-12
Central Connecticut,Toledo,2026-09-12
Sacred Heart,Massachusetts,2026-09-12
Wagner,James Madison,2026-09-12
UNLV,North Texas,2026-09-12
UC Davis,SMU,2026-09-12
Northern Colorado,Wyoming,2026-09-12
Mercyhurst,New Mexico,2026-09-12
Alabama State,Troy,2026-09-12
Delaware,Vanderbilt,2026-09-12
Campbell,Florida,2026-09-12
Memphis,Boise State,2026-09-12
Buffalo,Florida International,2026-09-12
Jacksonville State,Ohio,2026-09-12
Gardner-Webb,Liberty,2026-09-12
Monmouth,Western Michigan,2026-09-12
Tennessee,Georgia Tech,2026-09-12
Southern,Houston,2026-09-12
Towson,South Carolina,2026-09-12
Western Carolina,Cincinnati,2026-09-12
Bowling Green,Nebraska,2026-09-12
Southern Utah,Colorado State,2026-09-12
Tulsa,Sam Houston,2026-09-12
Illinois State,Northern Illinois,2026-09-12
South Alabama,Tulane,2026-09-12
West Georgia,Arkansas State,2026-09-12
Georgia State,Kennesaw State,2026-09-12
Middle Tennessee,Marshall,2026-09-12
Lindenwood,Missouri State,2026-09-12
San Diego State,UCLA,2026-09-12
Western Illinois,Wisconsin,2026-09-12
Ohio State,Texas,2026-09-12
Louisiana Tech,LSU,2026-09-12
Texas Tech,Oregon State,2026-09-12
Iowa State,Iowa,2026-09-12
Georgia Southern,Clemson,2026-09-12
Navy,Florida Atlantic,2026-09-12
Fordham,Coastal Carolina,2026-09-12
Charlotte,Ole Miss,2026-09-12
Southern Miss,Auburn,2026-09-12
Prairie View A&M,Baylor,2026-09-12
Grambling,TCU,2026-09-12
Cal Poly,San Jose State,2026-09-12
Texas Southern,UTEP,2026-09-12
North Dakota State,Air Force,2026-09-12
Arkansas,Utah,2026-09-12
Sacramento State,Fresno State,2026-09-12
Montana State,Nevada,2026-09-12
Louisiana,USC,2026-09-12
New Mexico State,Hawai'i,2026-09-12
Elon,Rhode Island,2026-09-12
Marist,Lafayette,2026-09-12
Kentucky,Chicago State,2026-09-12
Bucknell,VMI,2026-09-12
Eastern Washington,South Dakota,2026-09-12
Duquesne,Youngstown State,2026-09-12
William & Mary,Lehigh,2026-09-12
Drake,Northern Iowa,2026-09-12
Utah Tech,Montana,2026-09-12
Lamar,Idaho,2026-09-12
Stetson,Bethune-Cookman,2026-09-12
Merrimack,Maine,2026-09-12
Morehead State,Austin Peay,2026-09-12
Incarnate Word,Northern Arizona,2026-09-12
Bryant,Hampton,2026-09-12
Stonehill,New Hampshire,2026-09-12
UAlbany,Long Island University,2026-09-12
North Carolina A&T,North Carolina Central,2026-09-12
Virginia,Morgan State,2026-09-12
Virginia,South Carolina State,2026-09-12
San Diego,Idaho State,2026-09-12
Chattanooga,Eastern Kentucky,2026-09-12
Charleston Southern,The Citadel,2026-09-12
Furman,Mercer,2026-09-12
Indiana State,Eastern Illinois,2026-09-12
Valparaiso,Murray State,2026-09-12
Southeast Missouri State,Southern Illinois,2026-09-12
Oklahoma,Central Arkansas,2026-09-12
North Alabama,SE Louisiana,2026-09-12
Tarleton State,McNeese,2026-09-12
UT Rio Grande Valley,Nicholls,2026-09-12
Arkansas-Pine Bluff,Alcorn State,2026-09-12
Samford,Tennessee Tech,2026-09-12
Northwestern State,East Texas A&M,2026-09-12
Arkansas,Houston Christian,2026-09-12
New Haven,South Dakota State,2026-09-12
Tennessee State,Alabama A&M,2026-09-12
Stephen F. Austin,Abilene Christian,2026-09-12
North Dakota,Portland State,2026-09-12
Syracuse,Pittsburgh,2026-09-17
Miami,Wake Forest,2026-09-18
Houston,Texas Tech,2026-09-18
Portland State,Oregon,2026-09-18
Coastal Carolina,Delaware,2026-09-19
Kent State,Ohio State,2026-09-19
Georgia,Arkansas,2026-09-19
Buffalo,Penn State,2026-09-19
Tulane,Kansas State,2026-09-19
Bowling Green,Iowa State,2026-09-19
Arizona State,Kansas,2026-09-19
Mercer,Georgia Tech,2026-09-19
North Carolina,Clemson,2026-09-19
Akron,Minnesota,2026-09-19
North Texas,Texas State,2026-09-19
Eastern Michigan,Wisconsin,2026-09-19
Troy,Missouri,2026-09-19
NC State,Vanderbilt,2026-09-19
Wyoming,Central Michigan,2026-09-19
Maine,Boston College,2026-09-19
Southern Illinois,Illinois,2026-09-19
Temple,Toledo,2026-09-19
Kentucky,Texas A&M,2026-09-19
Florida State,Alabama,2026-09-19
USC,Rutgers,2026-09-19
UTEP,Michigan,2026-09-19
SMU,Louisville,2026-09-19
Utah State,Utah,2026-09-19
Miami (OH),Cincinnati,2026-09-19
Wagner,California,2026-09-19
Duquesne,Washington State,2026-09-19
Stonehill,Massachusetts,2026-09-19
Western Kentucky,Indiana,2026-09-19
Northern Iowa,Iowa,2026-09-19
Stanford,Duke,2026-09-19
Ball State,Liberty,2026-09-19
Louisiana Tech,Baylor,2026-09-19
Mississippi State,South Carolina,2026-09-19
SE Louisiana,UL Monroe,2026-09-19
East Carolina,Old Dominion,2026-09-19
Florida International,Florida Atlantic,2026-09-19
Charlotte,App State,2026-09-19
Marshall,Missouri State,2026-09-19
Florida,Auburn,2026-09-19
Georgia State,UCF,2026-09-19
Murray State,Oklahoma State,2026-09-19
UConn,Southern Miss,2026-09-19
UT Martin,Memphis,2026-09-19
Western Michigan,Rice,2026-09-19
Delaware State,South Florida,2026-09-19
Nevada,Middle Tennessee,2026-09-19
Ohio,South Alabama,2026-09-19
Georgia Southern,Jacksonville State,2026-09-19
Nicholls,Sam Houston,2026-09-19
Eastern Washington,Washington,2026-09-19
North Dakota,Nebraska,2026-09-19
Michigan State,Notre Dame,2026-09-19
LSU,Ole Miss,2026-09-19
New Mexico,Oklahoma,2026-09-19
BYU,Colorado State,2026-09-19
Colorado,Northwestern,2026-09-19
West Virginia,Virginia,2026-09-19
Virginia Tech,Maryland,2026-09-19
Kennesaw State,Tennessee,2026-09-19
UTSA,Texas,2026-09-19
Arkansas State,TCU,2026-09-19
East Texas A&M,Tulsa,2026-09-19
UAB,Louisiana,2026-09-19
South Dakota,Boise State,2026-09-19
James Madison,San Diego State,2026-09-19
Northern Illinois,Arizona,2026-09-19
North Dakota State,Sacramento State,2026-09-19
Purdue,UCLA,2026-09-19
Montana,Oregon State,2026-09-19
Fresno State,San Jose State,2026-09-19
Villanova,Long Island University,2026-09-18
Brown,New Haven,2026-09-19
Lafayette,Columbia,2026-09-19
Dartmouth,Lehigh,2026-09-19
West Georgia,East Tennessee State,2026-09-19
Princeton,Bryant,2026-09-19
Harvard,New Hampshire,2026-09-19
Chicago State,Butler,2026-09-19
Cornell,Colgate,2026-09-19
Valparaiso,Indiana State,2026-09-19
VMI,Davidson,2026-09-19
Yale,Holy Cross,2026-09-19
Rhode Island,Stony Brook,2026-09-19
Presbyterian,Western Carolina,2026-09-19
Eastern Illinois,Illinois State,2026-09-19
Central Connecticut,Montana State,2026-09-19
Pennsylvania,Bucknell,2026-09-19
Monmouth,UAlbany,2026-09-19
Georgetown,Richmond,2026-09-19
Hampton,Norfolk State,2026-09-19
Abilene Christian,Idaho,2026-09-19
Virginia,Bethune-Cookman,2026-09-19
North Carolina A&T,Campbell,2026-09-19
Sacred Heart,Elon,2026-09-19
Morgan State,Towson,2026-09-19
North Carolina Central,Gardner-Webb,2026-09-19
Fordham,William & Mary,2026-09-19
Dayton,Eastern Kentucky,2026-09-19
Wofford,Chattanooga,2026-09-19
Youngstown State,South Dakota State,2026-09-19
South Carolina State,Furman,2026-09-19
Austin Peay,West Florida,2026-09-19
Central Arkansas,Southeast Missouri State,2026-09-19
Alcorn State,North Alabama,2026-09-19
Tennessee State,Florida A&M,2026-09-19
Morehead State,Western Illinois,2026-09-19
Merrimack,Tarleton State,2026-09-19
Louisiana,Southern,2026-09-19
Houston Christian,Incarnate Word,2026-09-19
San Diego,Cal Poly,2026-09-19
Northern Arizona,Utah Tech,2026-09-19
Northwestern State,Weber State,2026-09-19
McNeese,UT Rio Grande Valley,2026-09-19
Stephen F. Austin,Prairie View A&M,2026-09-19
Stetson,UC Davis,2026-09-19
Liberty,Coastal Carolina,2026-09-24
Army,Temple,2026-09-25
Howard,Rutgers,2026-09-25
Navy,UAB,2026-09-25
Northwestern,Indiana,2026-09-25
Clemson,California,2026-09-25
Harvard,Brown,2026-09-25
Illinois,Ohio State,2026-09-25
Oregon,USC,2026-09-25
Oklahoma,Georgia,2026-09-25
Notre Dame,Purdue,2026-09-25
Texas A&M,LSU,2026-09-25
Ole Miss,Florida,2026-09-25
Sam Houston,Texas Tech,2026-09-25
South Carolina,Alabama,2026-09-25
Iowa,Michigan,2026-09-25
Minnesota,Washington,2026-09-25
Wisconsin,Penn State,2026-09-25
Missouri State,SMU,2026-09-25
Utah,Iowa State,2026-09-25
Houston,Georgia Southern,2026-09-25
Wake Forest,Louisville,2026-09-25
Missouri,Mississippi State,2026-09-25
Vanderbilt,Auburn,2026-09-25
Colorado,Baylor,2026-09-25
Kansas State,Cincinnati,2026-09-25
TCU,UCF,2026-09-25
Oklahoma State,West Virginia,2026-09-25
Central Arkansas,Florida State,2026-09-25
Delaware,Virginia,2026-09-25
Virginia Tech,Boston College,2026-09-25
UCLA,Maryland,2026-09-25
Nebraska,Michigan State,2026-09-25
San Diego State,Toledo,2026-09-25
Colorado State,UTSA,2026-09-25
Boise State,Western Michigan,2026-09-25
UConn,Miami (OH),2026-09-25
Louisiana,Charlotte,2026-09-25
Florida Atlantic,UL Monroe,2026-09-25
Southern Miss,Tulane,2026-09-25
South Florida,Bowling Green,2026-09-25
Air Force,Nevada,2026-09-25
Northern Illinois,Georgia State,2026-09-25
UNLV,Akron,2026-09-25
App State,NC State,2026-09-25
Ball State,Kent State,2026-09-25
Massachusetts,Sacramento State,2026-09-25
James Madison,Old Dominion,2026-09-25
Texas,Tennessee,2026-09-26
Bucknell,Pittsburgh,2026-09-26
South Alabama,Kentucky,2026-09-26
Lindenwood,Eastern Michigan,2026-09-26
Hawai'i,Wyoming,2026-09-26
William & Mary,Duke,2026-09-26
New Mexico,New Mexico State,2026-09-26
Robert Morris,Buffalo,2026-09-26
Stonehill,Ohio,2026-09-26
Gardner-Webb,Marshall,2026-09-26
North Carolina Central,East Carolina,2026-09-26
Incarnate Word,Texas State,2026-09-26
Long Island University,Florida International,2026-09-26
Central Michigan,Miami,2026-09-26
Kennesaw State,Arkansas State,2026-09-26
Mercyhurst,Western Kentucky,2026-09-26
Middle Tennessee,Jacksonville State,2026-09-26
Arizona,Washington State,2026-09-26
Troy,Utah State,2026-09-26
Houston Christian,North Texas,2026-09-26
Tulsa,Arkansas,2026-09-26
Oregon State,UTEP,2026-09-26
Rice,Fresno State,2026-09-26
Georgia Tech,Stanford,2026-09-26
Norfolk State,Chicago State,2026-09-25
Southern,Jackson State,2026-09-25
New Hampshire,Sacred Heart,2026-09-26
Presbyterian,Marist,2026-09-26
Columbia,Georgetown,2026-09-26
Holy Cross,Lafayette,2026-09-26
Monmouth,Dartmouth,2026-09-26
Stony Brook,Fordham,2026-09-26
Yale,Cornell,2026-09-26
North Dakota,Indiana State,2026-09-26
Lehigh,Pennsylvania,2026-09-26
Drake,Davidson,2026-09-26
New Haven,Merrimack,2026-09-26
Tennessee Tech,Wofford,2026-09-26
Maine,Elon,2026-09-26
South Dakota,Youngstown State,2026-09-26
Furman,Richmond,2026-09-26
UT Martin,Austin Peay,2026-09-26
Butler,Valparaiso,2026-09-26
Chattanooga,The Citadel,2026-09-26
Colgate,Villanova,2026-09-26
UAlbany,Princeton,2026-09-26
Western Carolina,East Tennessee State,2026-09-26
VMI,Samford,2026-09-26
Rhode Island,North Carolina A&T,2026-09-26
Western Illinois,North Alabama,2026-09-26
Texas Southern,Alcorn State,2026-09-26
Lamar,Nicholls,2026-09-26
Illinois State,Northern Iowa,2026-09-26
Campbell,Hampton,2026-09-26
Towson,Delaware State,2026-09-26
Mississippi Valley State,Alabama State,2026-09-26
Southern Illinois,Murray State,2026-09-26
South Carolina State,Bethune-Cookman,2026-09-26
Cal Poly,Eastern Washington,2026-09-26
Eastern Illinois,South Dakota State,2026-09-26
Alabama A&M,Florida A&M,2026-09-26
SE Louisiana,Northwestern State,2026-09-26
Prairie View A&M,Grambling,2026-09-26
East Texas A&M,McNeese,2026-09-26
West Florida,Southeast Missouri State,2026-09-26
Mercer,Abilene Christian,2026-09-26
Idaho State,Southern Utah,2026-09-26
Utah Tech,Northern Colorado,2026-09-26
Portland State,Weber State,2026-09-26
Montana,UC Davis,2026-09-26
Northern Arizona,Montana State,2026-09-26
Western Kentucky,New Mexico State,2026-10-01
North Texas,Tulsa,2026-10-01
Pittsburgh,Virginia Tech,2026-10-02
Liberty,Delaware,2026-10-02
Penn State,Northwestern,2026-10-02
Montana State,Idaho,2026-10-02
Ohio State,Iowa,2026-10-02
Vanderbilt,Georgia,2026-10-02
Notre Dame,North Carolina,2026-10-02
Miami,Clemson,2026-10-02
Arkansas,Texas A&M,2026-10-02
Texas Tech,Colorado,2026-10-02
Alabama,Mississippi State,2026-10-02
BYU,TCU,2026-10-02
Washington,USC,2026-10-02
Michigan,Minnesota,2026-10-02
Boston College,SMU,2026-10-02
Auburn,Tennessee,2026-10-02
UCF,Houston,2026-10-02
Louisville,NC State,2026-10-02
Florida,Missouri,2026-10-02
Kentucky,South Carolina,2026-10-02
Middle Tennessee,Kansas,2026-10-02
Baylor,Arizona State,2026-10-02
Cincinnati,Arizona,2026-10-02
West Virginia,Iowa State,2026-10-02
Stanford,Wake Forest,2026-10-02
Virginia,Florida State,2026-10-02
Purdue,Illinois,2026-10-02
Maryland,Nebraska,2026-10-02
Michigan State,Wisconsin,2026-10-02
Memphis,Charlotte,2026-10-02
UTSA,Rice,2026-10-02
Temple,South Florida,2026-10-02
UTEP,New Mexico,2026-10-02
Akron,Central Michigan,2026-10-02
Toledo,Ball State,2026-10-02
Western Michigan,Buffalo,2026-10-02
Eastern Michigan,Massachusetts,2026-10-02
Ohio,Kent State,2026-10-02
Bowling Green,Miami (OH),2026-10-02
Army,Louisiana Tech,2026-10-02
Arkansas State,Louisiana,2026-10-02
Georgia Southern,Coastal Carolina,2026-10-02
Old Dominion,Georgia State,2026-10-02
Marshall,James Madison,2026-10-02
UL Monroe,South Alabama,2026-10-02
Syracuse,UConn,2026-10-03
Navy,Air Force,2026-10-03
California,UNLV,2026-10-03
Samford,UAB,2026-10-03
Wyoming,North Dakota State,2026-10-03
Oregon State,Colorado State,2026-10-03
Texas Southern,Florida Atlantic,2026-10-03
Utah State,Boise State,2026-10-03
McNeese,LSU,2026-10-03
Indiana,Rutgers,2026-10-03
Fresno State,Washington State,2026-10-03
Texas State,San Diego State,2026-10-03
San Jose State,Hawai'i,2026-10-03
Wagner,Central Connecticut,2026-10-02
Brown,Rhode Island,2026-10-03
Princeton,Columbia,2026-10-03
Mercyhurst,Long Island University,2026-10-03
Fordham,Lehigh,2026-10-03
Merrimack,Yale,2026-10-03
Cornell,Georgetown,2026-10-03
Richmond,Lafayette,2026-10-03
Elon,New Hampshire,2026-10-03
Towson,Monmouth,2026-10-03
Morgan State,Villanova,2026-10-03
Dayton,Drake,2026-10-03
Marist,Stetson,2026-10-03
Valparaiso,Morehead State,2026-10-03
Pennsylvania,Dartmouth,2026-10-03
Mercer,VMI,2026-10-03
Murray State,North Dakota,2026-10-03
Norfolk State,Robert Morris,2026-10-03
The Citadel,South Carolina State,2026-10-03
Wofford,Furman,2026-10-03
Howard,Hampton,2026-10-03
Indiana State,South Dakota,2026-10-03
Alcorn State,Grambling,2026-10-03
Prairie View A&M,Mississippi Valley State,2026-10-03
Sacred Heart,Maine,2026-10-03
Delaware State,UAlbany,2026-10-03
Holy Cross,William & Mary,2026-10-03
Chattanooga,East Tennessee State,2026-10-03
Northern Colorado,Montana,2026-10-03
Tennessee State,Western Illinois,2026-10-03
Davidson,San Diego,2026-10-03
Alabama State,Bethune-Cookman,2026-10-03
Youngstown State,Southern Illinois,2026-10-03
New Haven,Austin Peay,2026-10-03
Alabama A&M,Jackson State,2026-10-03
North Carolina A&T,Bryant,2026-10-03
Campbell,North Carolina Central,2026-10-03
North Alabama,Eastern Kentucky,2026-10-03
Gardner-Webb,Charleston Southern,2026-10-03
Incarnate Word,Stephen F. Austin,2026-10-03
Tennessee Tech,Western Carolina,2026-10-03
Chicago State,Tarleton State,2026-10-03
Colgate,Harvard,2026-10-03
South Dakota State,Illinois State,2026-10-03
UT Rio Grande Valley,East Texas A&M,2026-10-03
Arkansas-Pine Bluff,Southern,2026-10-03
Northwestern State,Lamar,2026-10-03
Nicholls,Houston Christian,2026-10-03
West Florida,Abilene Christian,2026-10-03
Weber State,Cal Poly,2026-10-03
Northern Arizona,Idaho State,2026-10-03
Southern Utah,Utah Tech,2026-10-03
Eastern Washington,UC Davis,2026-10-03
Southern Miss,Troy,2026-10-06
Jacksonville State,Kennesaw State,2026-10-07
New Mexico State,Florida International,2026-10-07
Sam Houston,Liberty,2026-10-08
Missouri State,Western Kentucky,2026-10-08
South Florida,UTSA,2026-10-08
South Alabama,Arkansas State,2026-10-08
Florida State,Louisville,2026-10-09
Iowa,Washington,2026-10-09
Washington State,Utah State,2026-10-09
Wyoming,San Jose State,2026-10-09
Iowa State,BYU,2026-10-09
Columbia,Marist,2026-10-09
Maryland,Ohio State,2026-10-09
UCLA,Oregon,2026-10-09
Georgia,Alabama,2026-10-09
Indiana,Nebraska,2026-10-09
Texas A&M,Missouri,2026-10-09
Ole Miss,Vanderbilt,2026-10-09
LSU,Kentucky,2026-10-09
USC,Penn State,2026-10-09
Tennessee,Arkansas,2026-10-09
Kansas,Utah,2026-10-09
Houston,Kansas State,2026-10-09
South Carolina,Florida,2026-10-09
Hawai'i,Arizona State,2026-10-09
Arizona,West Virginia,2026-10-09
UCF,Oklahoma State,2026-10-09
Duke,Georgia Tech,2026-10-09
North Carolina,Pittsburgh,2026-10-09
Syracuse,Virginia,2026-10-09
Virginia Tech,California,2026-10-09
Wake Forest,NC State,2026-10-09
Illinois,Michigan State,2026-10-09
Ball State,Northwestern,2026-10-09
Minnesota,Purdue,2026-10-09
UConn,Temple,2026-10-09
Charlotte,North Texas,2026-10-09
Rice,East Carolina,2026-10-09
UAB,Memphis,2026-10-09
Nevada,UTEP,2026-10-09
Sacramento State,Bowling Green,2026-10-09
Buffalo,Toledo,2026-10-09
Central Michigan,Ohio,2026-10-09
Kent State,Western Michigan,2026-10-09
Miami (OH),Massachusetts,2026-10-09
Old Dominion,App State,2026-10-09
Coastal Carolina,Marshall,2026-10-09
James Madison,Georgia Southern,2026-10-09
Louisiana,Louisiana Tech,2026-10-09
Tulane,Army,2026-10-10
Stanford,Notre Dame,2026-10-10
Texas,Oklahoma,2026-10-10
Tulsa,Navy,2026-10-10
Eastern Michigan,Akron,2026-10-10
San Diego State,Oregon State,2026-10-10
North Dakota State,UNLV,2026-10-10
Air Force,Northern Illinois,2026-10-10
Boise State,Fresno State,2026-10-10
Princeton,Wagner,2026-10-09
New Hampshire,North Carolina A&T,2026-10-10
Stonehill,Sacred Heart,2026-10-10
Bryant,Brown,2026-10-10
Dartmouth,Yale,2026-10-10
Robert Morris,Morgan State,2026-10-10
Morehead State,Dayton,2026-10-10
Bucknell,Georgetown,2026-10-10
Harvard,Cornell,2026-10-10
Youngstown State,Indiana State,2026-10-10
Long Island University,Duquesne,2026-10-10
Howard,Pennsylvania,2026-10-10
William & Mary,North Carolina Central,2026-10-10
San Diego,Butler,2026-10-10
Samford,Chattanooga,2026-10-10
Wofford,Elon,2026-10-10
Southern Illinois,South Dakota,2026-10-10
Virginia,Norfolk State,2026-10-10
Drake,Valparaiso,2026-10-10
East Tennessee State,The Citadel,2026-10-10
Southeast Missouri State,Lindenwood,2026-10-10
Idaho,Weber State,2026-10-10
Arkansas,Alcorn State,2026-10-10
Western Carolina,Mercer,2026-10-10
Mississippi Valley State,Texas Southern,2026-10-10
Southern,Prairie View A&M,2026-10-10
Richmond,Fordham,2026-10-10
Eastern Illinois,Gardner-Webb,2026-10-10
UT Martin,Tennessee State,2026-10-10
Furman,Tennessee Tech,2026-10-10
Stony Brook,Towson,2026-10-10
Utah Tech,Portland State,2026-10-10
Florida A&M,Alabama State,2026-10-10
Incarnate Word,Lamar,2026-10-10
North Dakota,Northern Iowa,2026-10-10
Montana,Northern Arizona,2026-10-10
Jackson State,Grambling,2026-10-10
Davidson,Presbyterian,2026-10-10
South Carolina State,Charleston Southern,2026-10-10
Cal Poly,Idaho State,2026-10-10
West Georgia,Eastern Kentucky,2026-10-10
Tarleton State,Austin Peay,2026-10-10
Northern Colorado,Eastern Washington,2026-10-10
Bethune-Cookman,Alabama A&M,2026-10-10
Central Arkansas,Abilene Christian,2026-10-10
SE Louisiana,UT Rio Grande Valley,2026-10-10
Delaware,Middle Tennessee,2026-10-13
Florida International,Jacksonville State,2026-10-13
Kennesaw State,Missouri State,2026-10-14
Western Kentucky,Sam Houston,2026-10-14
East Carolina,UAB,2026-10-15
Georgia Southern,Old Dominion,2026-10-15
Colorado State,Texas State,2026-10-15
Memphis,Tulane,2026-10-16
Washington,Purdue,2026-10-16
App State,Coastal Carolina,2026-10-16
Columbia,Pennsylvania,2026-10-16
Ohio State,Indiana,2026-10-16
Nebraska,Oregon,2026-10-16
Auburn,Georgia,2026-10-16
Notre Dame,BYU,2026-10-16
Florida,Texas,2026-10-16
Florida State,Miami,2026-10-16
Missouri,Ole Miss,2026-10-16
Kentucky,Oklahoma,2026-10-16
Mississippi State,LSU,2026-10-16
Arizona State,Texas Tech,2026-10-16
Alabama,Tennessee,2026-10-16
Penn State,Michigan,2026-10-16
Virginia,SMU,2026-10-16
Utah,Colorado,2026-10-16
Oklahoma State,Houston,2026-10-16
Louisville,Syracuse,2026-10-16
Arkansas,Vanderbilt,2026-10-16
Cincinnati,West Virginia,2026-10-16
Kansas,Kansas State,2026-10-16
TCU,Baylor,2026-10-16
Charleston Southern,Clemson,2026-10-16
Georgia Tech,Virginia Tech,2026-10-16
North Carolina,Duke,2026-10-16
Pittsburgh,Boston College,2026-10-16
Wake Forest,California,2026-10-16
Rutgers,Maryland,2026-10-16
Northwestern,Michigan State,2026-10-16
Wisconsin,UCLA,2026-10-16
Charlotte,Temple,2026-10-16
Navy,UTSA,2026-10-16
Tulsa,Rice,2026-10-16
Kent State,South Florida,2026-10-16
New Mexico,Hawai'i,2026-10-16
Ball State,Bowling Green,2026-10-16
Massachusetts,Buffalo,2026-10-16
Western Michigan,Central Michigan,2026-10-16
Toledo,Eastern Michigan,2026-10-16
Ohio,Sacramento State,2026-10-16
Akron,Miami (OH),2026-10-16
Arkansas State,Southern Miss,2026-10-16
Georgia State,James Madison,2026-10-16
Troy,Louisiana,2026-10-16
Louisiana Tech,UL Monroe,2026-10-16
Florida Atlantic,Army,2026-10-17
The Citadel,Texas A&M,2026-10-17
Northern Illinois,Wyoming,2026-10-17
UNLV,Air Force,2026-10-17
Washington State,Oregon State,2026-10-17
Nevada,North Dakota State,2026-10-17
Elon,Stanford,2026-10-17
San Jose State,UTEP,2026-10-17
Fresno State,San Diego State,2026-10-17
Illinois State,Southern Illinois,2026-10-16
Central Connecticut,Mercyhurst,2026-10-16
Long Island University,Wagner,2026-10-16
Hampton,Sacred Heart,2026-10-17
Chicago State,North Carolina A&T,2026-10-17
Rhode Island,Yale,2026-10-17
Brown,Princeton,2026-10-17
New Haven,Robert Morris,2026-10-17
Bryant,Maine,2026-10-17
Monmouth,New Hampshire,2026-10-17
Merrimack,Dartmouth,2026-10-17
Holy Cross,Harvard,2026-10-17
Duquesne,Stonehill,2026-10-17
Georgetown,Colgate,2026-10-17
Dayton,Butler,2026-10-17
Morehead State,Davidson,2026-10-17
Marist,Drake,2026-10-17
McNeese,Northwestern State,2026-10-17
VMI,Wofford,2026-10-17
Lehigh,Cornell,2026-10-17
South Dakota State,North Dakota,2026-10-17
Austin Peay,West Georgia,2026-10-17
Presbyterian,Stetson,2026-10-17
UAlbany,Stony Brook,2026-10-17
Eastern Kentucky,Tennessee Tech,2026-10-17
Lafayette,Bucknell,2026-10-17
Idaho,Montana,2026-10-17
Idaho State,Weber State,2026-10-17
Lindenwood,Eastern Illinois,2026-10-17
Gardner-Webb,UT Martin,2026-10-17
Western Illinois,Southeast Missouri State,2026-10-17
Grambling,Alabama A&M,2026-10-17
Alabama State,Arkansas-Pine Bluff,2026-10-17
Alcorn State,Prairie View A&M,2026-10-17
Bethune-Cookman,Mississippi Valley State,2026-10-17
Florida A&M,Jackson State,2026-10-17
Towson,Campbell,2026-10-17
Villanova,Fordham,2026-10-17
Valparaiso,San Diego,2026-10-17
Stephen F. Austin,Nicholls,2026-10-17
South Dakota,Murray State,2026-10-17
Alabama,West Florida,2026-10-17
Northern Iowa,Youngstown State,2026-10-17
Morgan State,Tennessee State,2026-10-17
Abilene Christian,North Alabama,2026-10-17
Montana State,Eastern Washington,2026-10-17
Portland State,Northern Arizona,2026-10-17
Central Arkansas,Tarleton State,2026-10-17
UT Rio Grande Valley,Incarnate Word,2026-10-17
Lamar,SE Louisiana,2026-10-17
Mercer,Samford,2026-10-17
East Texas A&M,Houston Christian,2026-10-17
Cal Poly,Northern Colorado,2026-10-17
UC Davis,Southern Utah,2026-10-17
Middle Tennessee,Florida International,2026-10-20
Missouri State,Delaware,2026-10-20
South Alabama,Marshall,2026-10-20
New Mexico State,Sam Houston,2026-10-21
James Madison,App State,2026-10-22
Liberty,Kennesaw State,2026-10-22
East Carolina,Memphis,2026-10-22
Duke,Virginia,2026-10-23
Massachusetts,UConn,2026-10-23
Army,Tulsa,2026-10-23
Air Force,Wyoming,2026-10-23
NC State,Stanford,2026-10-23
North Carolina Central,Delaware State,2026-10-23
Yale,Pennsylvania,2026-10-23
Oregon,Illinois,2026-10-23
Ole Miss,Texas,2026-10-23
Indiana,Michigan,2026-10-23
Pittsburgh,Miami,2026-10-23
Texas A&M,Alabama,2026-10-23
Oklahoma,Mississippi State,2026-10-23
Texas Tech,Cincinnati,2026-10-23
BYU,UCF,2026-10-23
USC,Wisconsin,2026-10-23
California,SMU,2026-10-23
Tennessee,South Carolina,2026-10-23
Houston,Utah,2026-10-23
Iowa,Minnesota,2026-10-23
Vanderbilt,Kentucky,2026-10-23
Baylor,Kansas,2026-10-23
Colorado,Oklahoma State,2026-10-23
Iowa State,Arizona,2026-10-23
Kansas State,Arizona State,2026-10-23
West Virginia,TCU,2026-10-23
Boston College,Georgia Tech,2026-10-23
Syracuse,North Carolina,2026-10-23
Virginia Tech,Clemson,2026-10-23
Rutgers,Northwestern,2026-10-23
Michigan State,UCLA,2026-10-23
Rice,Florida Atlantic,2026-10-23
UTSA,Tulane,2026-10-23
Hawai'i,Northern Illinois,2026-10-23
Akron,Kent State,2026-10-23
Sacramento State,Ball State,2026-10-23
Bowling Green,Buffalo,2026-10-23
Eastern Michigan,Ohio,2026-10-23
Western Michigan,Toledo,2026-10-23
Miami (OH),Central Michigan,2026-10-23
Louisiana,Southern Miss,2026-10-23
Old Dominion,Louisiana Tech,2026-10-23
UL Monroe,Troy,2026-10-23
LSU,Auburn,2026-10-24
North Texas,Navy,2026-10-24
San Jose State,Nevada,2026-10-24
Boise State,Washington State,2026-10-24
San Diego State,Colorado State,2026-10-24
Georgia State,Arkansas State,2026-10-24
Utah State,Texas State,2026-10-24
North Dakota State,New Mexico,2026-10-24
New Hampshire,Merrimack,2026-10-23
Stonehill,Long Island University,2026-10-23
UAlbany,Rhode Island,2026-10-24
Cornell,Brown,2026-10-24
New Haven,Central Connecticut,2026-10-24
Wagner,Duquesne,2026-10-24
San Diego,Dayton,2026-10-24
Campbell,Maine,2026-10-24
Bucknell,Holy Cross,2026-10-24
Lafayette,Fordham,2026-10-24
Butler,Drake,2026-10-24
Presbyterian,Valparaiso,2026-10-24
Jackson State,Bethune-Cookman,2026-10-24
Dartmouth,Columbia,2026-10-24
Norfolk State,South Carolina State,2026-10-24
East Tennessee State,VMI,2026-10-24
Stony Brook,Bryant,2026-10-24
Monmouth,Hampton,2026-10-24
North Dakota,South Dakota,2026-10-24
Northern Iowa,Southern Illinois,2026-10-24
Mercyhurst,Robert Morris,2026-10-24
Colgate,Richmond,2026-10-24
Tarleton State,West Georgia,2026-10-24
Stetson,Morehead State,2026-10-24
Samford,Furman,2026-10-24
Tennessee Tech,The Citadel,2026-10-24
Chattanooga,Western Carolina,2026-10-24
Chicago State,Lindenwood,2026-10-24
Princeton,Harvard,2026-10-24
Indiana State,Illinois State,2026-10-24
Murray State,South Dakota State,2026-10-24
Howard,Morgan State,2026-10-24
Weber State,Montana State,2026-10-24
West Florida,Eastern Kentucky,2026-10-24
Southeast Missouri State,Eastern Illinois,2026-10-24
Arkansas-Pine Bluff,Florida A&M,2026-10-24
Southern,Texas Southern,2026-10-24
Nicholls,Northwestern State,2026-10-24
Georgetown,William & Mary,2026-10-24
Lehigh,Villanova,2026-10-24
Charleston Southern,Tennessee State,2026-10-24
UT Martin,Western Illinois,2026-10-24
Houston Christian,Lamar,2026-10-24
Utah Tech,Cal Poly,2026-10-24
Southern Utah,Idaho,2026-10-24
UT Rio Grande Valley,Central Arkansas,2026-10-24
McNeese,Incarnate Word,2026-10-24
Portland State,Idaho State,2026-10-24
SE Louisiana,Stephen F. Austin,2026-10-24
Austin Peay,North Alabama,2026-10-24
Northern Colorado,UC Davis,2026-10-24
Prairie View A&M,East Texas A&M,2026-10-24
Delaware,Western Kentucky,2026-10-27
Sam Houston,Missouri State,2026-10-27
Kennesaw State,Middle Tennessee,2026-10-28
Jacksonville State,New Mexico State,2026-10-28
Florida Atlantic,North Texas,2026-10-29
Troy,James Madison,2026-10-29
South Carolina State,Morgan State,2026-10-29
Tulane,Charlotte,2026-10-30
Baylor,UCF,2026-10-30
Kent State,Sacramento State,2026-10-30
Harvard,Dartmouth,2026-10-30
Ohio State,USC,2026-10-30
Northwestern,Oregon,2026-10-30
Mississippi State,Texas,2026-10-30
Minnesota,Indiana,2026-10-30
Miami,North Carolina,2026-10-30
Auburn,Ole Miss,2026-10-30
South Carolina,Oklahoma,2026-10-30
Arizona,Texas Tech,2026-10-30
Arizona State,BYU,2026-10-30
Michigan,Rutgers,2026-10-30
Washington,Nebraska,2026-10-30
Purdue,Penn State,2026-10-30
SMU,Syracuse,2026-10-30
Utah,Cincinnati,2026-10-30
Wisconsin,Iowa,2026-10-30
Stanford,Louisville,2026-10-30
Missouri,Arkansas,2026-10-30
Kansas,TCU,2026-10-30
Kansas State,Colorado,2026-10-30
Oklahoma State,Iowa State,2026-10-30
California,NC State,2026-10-30
Boston College,Duke,2026-10-30
Clemson,Florida State,2026-10-30
Georgia Tech,Pittsburgh,2026-10-30
Virginia,Wake Forest,2026-10-30
Illinois,Maryland,2026-10-30
Nevada,UCLA,2026-10-30
Oregon State,Fresno State,2026-10-30
Army,Memphis,2026-10-30
Temple,East Carolina,2026-10-30
UAB,South Florida,2026-10-30
New Mexico,San Jose State,2026-10-30
App State,Georgia Southern,2026-10-30
Coastal Carolina,Georgia State,2026-10-30
Southern Miss,UL Monroe,2026-10-30
Marshall,Old Dominion,2026-10-30
Louisiana Tech,South Alabama,2026-10-30
Notre Dame,Navy,2026-10-31
Bowling Green,Western Michigan,2026-10-31
UConn,Air Force,2026-10-31
Florida,Georgia,2026-10-31
Colorado State,Utah State,2026-10-31
UTEP,North Dakota State,2026-10-31
Florida International,Liberty,2026-10-31
Washington State,San Diego State,2026-10-31
Texas State,Boise State,2026-10-31
Northern Illinois,UNLV,2026-10-31
South Dakota,South Dakota State,2026-10-30
Robert Morris,Central Connecticut,2026-10-30
Campbell,UAlbany,2026-10-31
Maine,Rhode Island,2026-10-31
Sacred Heart,Stony Brook,2026-10-31
Pennsylvania,Brown,2026-10-31
Yale,Columbia,2026-10-31
North Dakota,Youngstown State,2026-10-31
Mercyhurst,Stonehill,2026-10-31
Wagner,Merrimack,2026-10-31
Bucknell,Lehigh,2026-10-31
Duquesne,New Haven,2026-10-31
Villanova,Lafayette,2026-10-31
Bryant,Monmouth,2026-10-31
Elon,North Carolina A&T,2026-10-31
Hampton,Towson,2026-10-31
Cornell,Princeton,2026-10-31
William & Mary,Colgate,2026-10-31
Richmond,Holy Cross,2026-10-31
Butler,Presbyterian,2026-10-31
Dayton,Stetson,2026-10-31
Drake,Morehead State,2026-10-31
VMI,Chattanooga,2026-10-31
Murray State,Illinois State,2026-10-31
Indiana State,Northern Iowa,2026-10-31
Delaware State,Norfolk State,2026-10-31
Howard,North Carolina Central,2026-10-31
Western Illinois,Charleston Southern,2026-10-31
Gardner-Webb,Southeast Missouri State,2026-10-31
Tennessee State,Lindenwood,2026-10-31
Western Carolina,Furman,2026-10-31
Cal Poly,Montana State,2026-10-31
Idaho State,Utah Tech,2026-10-31
Northern Arizona,Southern Utah,2026-10-31
UC Davis,Weber State,2026-10-31
Eastern Illinois,UT Martin,2026-10-31
Houston Christian,Stephen F. Austin,2026-10-31
Alcorn State,Mississippi Valley State,2026-10-31
The Citadel,Mercer,2026-10-31
Bethune-Cookman,Arkansas-Pine Bluff,2026-10-31
Southern,Florida A&M,2026-10-31
Nicholls,McNeese,2026-10-31
Alabama State,Alabama A&M,2026-10-31
Tennessee Tech,East Tennessee State,2026-10-31
West Georgia,Abilene Christian,2026-10-31
Montana,Eastern Washington,2026-10-31
Idaho,Portland State,2026-10-31
Marist,San Diego,2026-10-31
SE Louisiana,East Texas A&M,2026-10-31
North Alabama,Central Arkansas,2026-10-31
Northwestern State,Incarnate Word,2026-10-31
Eastern Kentucky,Tarleton State,2026-10-31
Wofford,Samford,2026-10-31
Lamar,UT Rio Grande Valley,2026-10-31
Grambling,Texas Southern,2026-10-31
Ohio,Akron,2026-11-03
Buffalo,Miami (OH),2026-11-03
Ball State,Massachusetts,2026-11-03
Central Michigan,Eastern Michigan,2026-11-03
Toledo,Sacramento State,2026-11-03
UTSA,Florida Atlantic,2026-11-05
James Madison,Southern Miss,2026-11-05
South Carolina State,Howard,2026-11-05
Virginia Tech,SMU,2026-11-06
South Florida,East Carolina,2026-11-06
Nebraska,Illinois,2026-11-06
New Mexico,Nevada,2026-11-06
TCU,Arizona,2026-11-06
Oregon,Ohio State,2026-11-06
Georgia,Ole Miss,2026-11-06
Texas,Missouri,2026-11-06
Texas A&M,South Carolina,2026-11-06
Oklahoma,Florida,2026-11-06
Alabama,LSU,2026-11-06
West Virginia,Texas Tech,2026-11-06
BYU,Utah,2026-11-06
Michigan State,Michigan,2026-11-06
Penn State,Washington,2026-11-06
Kentucky,Tennessee,2026-11-06
Iowa,Northwestern,2026-11-06
Cincinnati,Houston,2026-11-06
Louisville,Georgia Tech,2026-11-06
Arkansas,Auburn,2026-11-06
Vanderbilt,Mississippi State,2026-11-06
UCF,Kansas,2026-11-06
Colorado,Arizona State,2026-11-06
Iowa State,Baylor,2026-11-06
Oklahoma State,Kansas State,2026-11-06
Clemson,Syracuse,2026-11-06
Duke,NC State,2026-11-06
Florida State,Boston College,2026-11-06
UCLA,Minnesota,2026-11-06
Maryland,Purdue,2026-11-06
Rutgers,Wisconsin,2026-11-06
Charlotte,UAB,2026-11-06
Rice,North Texas,2026-11-06
Tulsa,Tulane,2026-11-06
Hawai'i,UTEP,2026-11-06
Northern Illinois,San Jose State,2026-11-06
Georgia State,App State,2026-11-06
Old Dominion,Coastal Carolina,2026-11-06
Marshall,Georgia Southern,2026-11-06
South Alabama,Louisiana,2026-11-06
Louisiana Tech,Troy,2026-11-06
Merrimack,Wake Forest,2026-11-07
North Carolina,UConn,2026-11-07
UL Monroe,Arkansas State,2026-11-07
Delaware,Kennesaw State,2026-11-07
Temple,Navy,2026-11-07
Western Kentucky,Middle Tennessee,2026-11-07
Missouri State,Florida International,2026-11-07
Liberty,New Mexico State,2026-11-07
Boise State,Colorado State,2026-11-07
Sam Houston,Jacksonville State,2026-11-07
Miami,Notre Dame,2026-11-07
Air Force,Army,2026-11-07
Fresno State,Utah State,2026-11-07
Texas State,Oregon State,2026-11-07
Wyoming,UNLV,2026-11-07
Wagner,Mercyhurst,2026-11-06
North Carolina A&T,Monmouth,2026-11-07
Towson,Sacred Heart,2026-11-07
Brown,Yale,2026-11-07
Dartmouth,Princeton,2026-11-07
Long Island University,New Haven,2026-11-07
Robert Morris,Duquesne,2026-11-07
North Carolina Central,Norfolk State,2026-11-07
Colgate,Lehigh,2026-11-07
Valparaiso,Dayton,2026-11-07
Morehead State,Marist,2026-11-07
Holy Cross,Georgetown,2026-11-07
UAlbany,Bryant,2026-11-07
Stony Brook,Campbell,2026-11-07
Rhode Island,New Hampshire,2026-11-07
Columbia,Harvard,2026-11-07
Pennsylvania,Cornell,2026-11-07
Central Connecticut,Stonehill,2026-11-07
Morgan State,Delaware State,2026-11-07
Fordham,Bucknell,2026-11-07
Lafayette,William & Mary,2026-11-07
Richmond,Villanova,2026-11-07
Stetson,Davidson,2026-11-07
San Diego,Drake,2026-11-07
Mercer,Chattanooga,2026-11-07
Samford,East Tennessee State,2026-11-07
Wofford,Western Carolina,2026-11-07
Lindenwood,Gardner-Webb,2026-11-07
Hampton,Elon,2026-11-07
Illinois State,North Dakota,2026-11-07
Youngstown State,Murray State,2026-11-07
UT Martin,Charleston Southern,2026-11-07
UT Rio Grande Valley,Northwestern State,2026-11-07
Furman,The Citadel,2026-11-07
South Dakota State,Northern Iowa,2026-11-07
VMI,Tennessee Tech,2026-11-07
Portland State,Montana,2026-11-07
Northern Colorado,Southern Utah,2026-11-07
Western Illinois,Eastern Illinois,2026-11-07
Alabama A&M,Prairie View A&M,2026-11-07
Alabama State,Texas Southern,2026-11-07
Florida A&M,Alcorn State,2026-11-07
Arkansas-Pine Bluff,Grambling,2026-11-07
Bethune-Cookman,Southern,2026-11-07
Mississippi Valley State,Jackson State,2026-11-07
Southeast Missouri State,Tennessee State,2026-11-07
Stephen F. Austin,Lamar,2026-11-07
East Texas A&M,Nicholls,2026-11-07
Eastern Kentucky,Austin Peay,2026-11-07
Northern Arizona,Cal Poly,2026-11-07
Eastern Washington,Idaho,2026-11-07
West Georgia,Central Arkansas,2026-11-07
McNeese,Houston Christian,2026-11-07
Southern Illinois,Indiana State,2026-11-07
Montana State,Idaho State,2026-11-07
Abilene Christian,Tarleton State,2026-11-07
West Florida,North Alabama,2026-11-07
Utah Tech,UC Davis,2026-11-07
Incarnate Word,SE Louisiana,2026-11-07
Western Michigan,Akron,2026-11-10
Kent State,Bowling Green,2026-11-10
Ohio,Miami (OH),2026-11-10
Buffalo,Ball State,2026-11-10
Sacramento State,Central Michigan,2026-11-10
Massachusetts,Toledo,2026-11-10
Memphis,South Florida,2026-11-12
Louisiana,UL Monroe,2026-11-12
Florida State,Pittsburgh,2026-11-13
Illinois,UCLA,2026-11-13
Houston,Colorado,2026-11-13
Southern Utah,Portland State,2026-11-13
Northwestern,Ohio State,2026-11-13
Michigan,Oregon,2026-11-13
Missouri,Georgia,2026-11-13
Texas,LSU,2026-11-13
USC,Indiana,2026-11-13
Duke,Miami,2026-11-13
Tennessee,Texas A&M,2026-11-13
Ole Miss,Oklahoma,2026-11-13
Texas Tech,Oklahoma State,2026-11-13
Alabama,Vanderbilt,2026-11-13
Baylor,BYU,2026-11-13
Washington,Michigan State,2026-11-13
Minnesota,Penn State,2026-11-13
Wake Forest,SMU,2026-11-13
Utah,Arizona,2026-11-13
Purdue,Iowa,2026-11-13
Louisville,North Carolina,2026-11-13
Arizona State,UCF,2026-11-13
Cincinnati,Iowa State,2026-11-13
Kansas,West Virginia,2026-11-13
Kansas State,TCU,2026-11-13
South Carolina,Arkansas,2026-11-13
Florida,Kentucky,2026-11-13
Auburn,Mississippi State,2026-11-13
California,Virginia,2026-11-13
Georgia Tech,Clemson,2026-11-13
Stanford,Virginia Tech,2026-11-13
Syracuse,NC State,2026-11-13
Wisconsin,Maryland,2026-11-13
Nebraska,Rutgers,2026-11-13
East Carolina,Charlotte,2026-11-13
Florida Atlantic,Tulsa,2026-11-13
North Texas,UTSA,2026-11-13
Tulane,Rice,2026-11-13
UAB,Temple,2026-11-13
Nevada,Northern Illinois,2026-11-13
Wyoming,UTEP,2026-11-13
App State,Marshall,2026-11-13
Arkansas State,Coastal Carolina,2026-11-13
Georgia Southern,Georgia State,2026-11-13
Southern Miss,Louisiana Tech,2026-11-13
Troy,South Alabama,2026-11-13
James Madison,UConn,2026-11-14
Kennesaw State,Sam Houston,2026-11-14
New Mexico State,Missouri State,2026-11-14
Florida International,Delaware,2026-11-14
Boston College,Notre Dame,2026-11-14
Jacksonville State,Western Kentucky,2026-11-14
Middle Tennessee,Liberty,2026-11-14
Fresno State,Texas State,2026-11-14
Oregon State,Boise State,2026-11-14
San Jose State,Air Force,2026-11-14
UNLV,New Mexico,2026-11-14
Utah State,San Diego State,2026-11-14
Colorado State,Washington State,2026-11-14
North Dakota State,Hawai'i,2026-11-14
Central Connecticut,Long Island University,2026-11-13
Maine,UAlbany,2026-11-14
Bryant,Sacred Heart,2026-11-14
Towson,Rhode Island,2026-11-14
Merrimack,Monmouth,2026-11-14
Columbia,Brown,2026-11-14
Illinois State,Youngstown State,2026-11-14
Stonehill,Robert Morris,2026-11-14
New Haven,Wagner,2026-11-14
Norfolk State,Morgan State,2026-11-14
Georgetown,Fordham,2026-11-14
Villanova,Holy Cross,2026-11-14
Butler,Marist,2026-11-14
Davidson,Dayton,2026-11-14
Presbyterian,Morehead State,2026-11-14
The Citadel,VMI,2026-11-14
Mercyhurst,Duquesne,2026-11-14
Princeton,Yale,2026-11-14
North Carolina A&T,Hampton,2026-11-14
Stony Brook,New Hampshire,2026-11-14
Dartmouth,Cornell,2026-11-14
Harvard,Pennsylvania,2026-11-14
Murray State,Indiana State,2026-11-14
Delaware State,Howard,2026-11-14
Bucknell,William & Mary,2026-11-14
Lafayette,Colgate,2026-11-14
Valparaiso,Stetson,2026-11-14
Chattanooga,Furman,2026-11-14
Grambling,Bethune-Cookman,2026-11-14
Virginia,Chicago State,2026-11-14
North Carolina Central,South Carolina State,2026-11-14
East Tennessee State,Wofford,2026-11-14
Campbell,Elon,2026-11-14
Northern Iowa,South Dakota,2026-11-14
South Dakota State,Southern Illinois,2026-11-14
Lehigh,Richmond,2026-11-14
Abilene Christian,Austin Peay,2026-11-14
Montana State,Northern Colorado,2026-11-14
Central Arkansas,Eastern Kentucky,2026-11-14
Southeast Missouri State,Charleston Southern,2026-11-14
Gardner-Webb,Western Illinois,2026-11-14
North Alabama,West Georgia,2026-11-14
Houston Christian,Northwestern State,2026-11-14
Mercer,Tennessee Tech,2026-11-14
Lindenwood,UT Martin,2026-11-14
Tarleton State,West Florida,2026-11-14
Texas Southern,Alabama A&M,2026-11-14
Jackson State,Alabama State,2026-11-14
Alcorn State,Southern,2026-11-14
Prairie View A&M,Arkansas-Pine Bluff,2026-11-14
Mississippi Valley State,Florida A&M,2026-11-14
Nicholls,Incarnate Word,2026-11-14
Eastern Illinois,Tennessee State,2026-11-14
Western Carolina,Samford,2026-11-14
Eastern Washington,Utah Tech,2026-11-14
UC Davis,Idaho,2026-11-14
Weber State,Northern Arizona,2026-11-14
East Texas A&M,Lamar,2026-11-14
Stephen F. Austin,UT Rio Grande Valley,2026-11-14
McNeese,SE Louisiana,2026-11-14
Idaho State,Montana,2026-11-14
Ball State,Ohio,2026-11-17
Eastern Michigan,Western Michigan,2026-11-17
Miami (OH),Kent State,2026-11-17
Akron,Massachusetts,2026-11-17
Central Michigan,Buffalo,2026-11-17
Rice,Temple,2026-11-19
Northwestern State,Stephen F. Austin,2026-11-19
SE Louisiana,Nicholls,2026-11-19
Iowa State,UCF,2026-11-20
Clemson,Duke,2026-11-20
Bowling Green,Toledo,2026-11-20
Oregon,Michigan State,2026-11-20
UTEP,Air Force,2026-11-20
Ohio State,Nebraska,2026-11-20
Georgia,South Carolina,2026-11-20
Arkansas,Texas,2026-11-20
Indiana,Washington,2026-11-20
Virginia Tech,Miami,2026-11-20
Texas A&M,Oklahoma,2026-11-20
LSU,Tennessee,2026-11-20
Texas Tech,Baylor,2026-11-20
BYU,Kansas,2026-11-20
Maryland,USC,2026-11-20
UCLA,Michigan,2026-11-20
Rutgers,Penn State,2026-11-20
Utah,TCU,2026-11-20
Iowa,Illinois,2026-11-20
Houston,West Virginia,2026-11-20
Pittsburgh,Louisville,2026-11-20
Kentucky,Missouri,2026-11-20
Vanderbilt,Florida,2026-11-20
Arizona,Kansas State,2026-11-20
Colorado,Cincinnati,2026-11-20
Oklahoma State,Arizona State,2026-11-20
NC State,Florida State,2026-11-20
North Carolina,Virginia,2026-11-20
Stanford,California,2026-11-20
Syracuse,Boston College,2026-11-20
Wake Forest,Georgia Tech,2026-11-20
Northwestern,Minnesota,2026-11-20
Wisconsin,Purdue,2026-11-20
Charlotte,Tulsa,2026-11-20
South Florida,Florida Atlantic,2026-11-20
North Texas,Tulane,2026-11-20
UTSA,UAB,2026-11-20
Hawai'i,Nevada,2026-11-20
UL Monroe,App State,2026-11-20
Arkansas State,Louisiana Tech,2026-11-20
Coastal Carolina,Louisiana,2026-11-20
Georgia Southern,Troy,2026-11-20
Georgia State,Marshall,2026-11-20
South Alabama,Southern Miss,2026-11-20
Wofford,Ole Miss,2026-11-21
East Carolina,Army,2026-11-21
Memphis,Navy,2026-11-21
Tennessee Tech,Mississippi State,2026-11-21
Western Kentucky,Liberty,2026-11-21
Chattanooga,Alabama,2026-11-21
Missouri State,Jacksonville State,2026-11-21
Middle Tennessee,Sam Houston,2026-11-21
Delaware,New Mexico State,2026-11-21
Florida International,Kennesaw State,2026-11-21
Samford,Auburn,2026-11-21
Old Dominion,UConn,2026-11-21
Northern Illinois,North Dakota State,2026-11-21
Washington State,Texas State,2026-11-21
UNLV,San Jose State,2026-11-21
SMU,Notre Dame,2026-11-21
Colorado State,Fresno State,2026-11-21
New Mexico,Wyoming,2026-11-21
San Diego State,Boise State,2026-11-21
Utah State,Oregon State,2026-11-21
UAlbany,North Carolina A&T,2026-11-21
Hampton,Stony Brook,2026-11-21
Sacred Heart,Merrimack,2026-11-21
Cornell,Columbia,2026-11-21
Duquesne,Central Connecticut,2026-11-21
Long Island University,Robert Morris,2026-11-21
Wagner,Stonehill,2026-11-21
Howard,Norfolk State,2026-11-21
Fordham,Holy Cross,2026-11-21
William & Mary,Richmond,2026-11-21
Furman,VMI,2026-11-21
Pennsylvania,Princeton,2026-11-21
New Haven,Mercyhurst,2026-11-21
Lehigh,Lafayette,2026-11-21
Rhode Island,Bryant,2026-11-21
Monmouth,Campbell,2026-11-21
Elon,Towson,2026-11-21
New Hampshire,Maine,2026-11-21
Brown,Dartmouth,2026-11-21
South Dakota,Illinois State,2026-11-21
Colgate,Bucknell,2026-11-21
Georgetown,Villanova,2026-11-21
Charleston Southern,Eastern Illinois,2026-11-21
Morehead State,Butler,2026-11-21
Marist,Davidson,2026-11-21
Dayton,Presbyterian,2026-11-21
The Citadel,Western Carolina,2026-11-21
Delaware State,South Carolina State,2026-11-21
Tennessee State,Gardner-Webb,2026-11-21
Northern Iowa,Murray State,2026-11-21
Southern Illinois,North Dakota,2026-11-21
Morgan State,North Carolina Central,2026-11-21
Eastern Kentucky,Abilene Christian,2026-11-21
Montana,Montana State,2026-11-21
UT Martin,Southeast Missouri State,2026-11-21
West Florida,West Georgia,2026-11-21
Chicago State,Southern Utah,2026-11-21
Indiana State,South Dakota State,2026-11-21
Utah Tech,Weber State,2026-11-21
Western Illinois,Lindenwood,2026-11-21
Alabama A&M,Mississippi Valley State,2026-11-21
East Tennessee State,Mercer,2026-11-21
Prairie View A&M,Alabama State,2026-11-21
Jackson State,Alcorn State,2026-11-21
Yale,Harvard,2026-11-21
Florida A&M,Bethune-Cookman,2026-11-21
Cal Poly,UC Davis,2026-11-21
Portland State,Eastern Washington,2026-11-21
Northern Colorado,Northern Arizona,2026-11-21
Tarleton State,North Alabama,2026-11-21
Arkansas-Pine Bluff,Texas Southern,2026-11-21
Incarnate Word,East Texas A&M,2026-11-21
Austin Peay,Central Arkansas,2026-11-21
UT Rio Grande Valley,Houston Christian,2026-11-21
Idaho,Idaho State,2026-11-21
Lamar,McNeese,2026-11-21
Stetson,San Diego,2026-11-21
Miami (OH),Western Michigan,2026-11-23
Kent State,Eastern Michigan,2026-11-24
TCU,Texas Tech,2026-11-26
Florida Atlantic,East Carolina,2026-11-26
Temple,Memphis,2026-11-26
Tulane,South Florida,2026-11-26
Mississippi State,Ole Miss,2026-11-27
Nebraska,Iowa,2026-11-27
Buffalo,Akron,2026-11-27
Toledo,Ohio,2026-11-27
App State,South Alabama,2026-11-27
Florida,Florida State,2026-11-27
North Dakota State,San Jose State,2026-11-27
Texas,Texas A&M,2026-11-27
Minnesota,Wisconsin,2026-11-27
West Virginia,Utah,2026-11-27
Washington,Oregon,2026-11-27
Georgia Tech,Georgia,2026-11-27
Notre Dame,Syracuse,2026-11-27
Purdue,Indiana,2026-11-27
Boston College,Miami,2026-11-27
Oklahoma,Missouri,2026-11-27
LSU,Arkansas,2026-11-27
Auburn,Alabama,2026-11-27
Cincinnati,BYU,2026-11-27
USC,UCLA,2026-11-27
Penn State,Maryland,2026-11-27
SMU,Stanford,2026-11-27
Tennessee,Vanderbilt,2026-11-27
Baylor,Houston,2026-11-27
Louisville,Kentucky,2026-11-27
South Carolina,Clemson,2026-11-27
Arizona State,Arizona,2026-11-27
UCF,Colorado,2026-11-27
Kansas,Oklahoma State,2026-11-27
Kansas State,Iowa State,2026-11-27
Duke,Wake Forest,2026-11-27
NC State,North Carolina,2026-11-27
Pittsburgh,California,2026-11-27
Virginia,Virginia Tech,2026-11-27
Illinois,Northwestern,2026-11-27
Michigan State,Rutgers,2026-11-27
UConn,Wyoming,2026-11-27
Tulsa,UTSA,2026-11-27
Army,Rice,2026-11-27
Navy,Charlotte,2026-11-27
UAB,North Texas,2026-11-27
UTEP,Northern Illinois,2026-11-27
Coastal Carolina,James Madison,2026-11-27
Louisiana Tech,Georgia Southern,2026-11-27
Louisiana,Georgia State,2026-11-27
Marshall,UL Monroe,2026-11-27
Southern Miss,Old Dominion,2026-11-27
Michigan,Ohio State,2026-11-28
Central Michigan,Ball State,2026-11-28
Massachusetts,Bowling Green,2026-11-28
Kennesaw State,Western Kentucky,2026-11-28
Liberty,Missouri State,2026-11-28
Sam Houston,Florida International,2026-11-28
New Mexico State,Middle Tennessee,2026-11-28
Troy,Arkansas State,2026-11-28
Jacksonville State,Delaware,2026-11-28
Air Force,New Mexico,2026-11-28
Nevada,UNLV,2026-11-28
Sacramento State,Hawai'i,2026-11-28
Grambling,Southern,2026-11-28
Navy,Army,2026-12-12
