Team,Elo,Conference,Notes,RatingUpdated
Abilene Christian Wildcats,1000,WAC,,FALSE
Air Force Falcons,1000,Mountain West,,FALSE
Akron Zips,1000,MAC,,FALSE
Alabama A&M Bulldogs,1000,SWAC,,FALSE
Alabama Crimson Tide,1000,SEC,,FALSE
Alabama State Hornets,1000,SWAC,,FALSE
Alcorn State Braves,1000,SWAC,,FALSE
American University Eagles,1000,Patriot,,FALSE
App State Mountaineers,1000,Sun Belt,,FALSE
Arizona State Sun Devils,1000,Big 12,,FALSE
Arizona Wildcats,1000,Big 12,,FALSE
Arkansas Razorbacks,1000,SEC,,FALSE
Arkansas State Red Wolves,1000,Sun Belt,,FALSE
Arkansas-Pine Bluff Golden Lions,1000,SWAC,,FALSE
Army Black Knights,1000,Patriot,,FALSE
Auburn Tigers,1000,SEC,,FALSE
Austin Peay Governors,1000,ASUN,,FALSE
BYU Cougars,1000,Big 12,,FALSE
Ball State Cardinals,1000,MAC,,FALSE
Baylor Bears,1000,Big 12,,FALSE
Bellarmine Knights,1000,ASUN,,FALSE
Belmont Bruins,1000,MVC,,FALSE
Bethune-Cookman Wildcats,1000,SWAC,,FALSE
Binghamton Bearcats,1000,America East,,FALSE
Boise State Broncos,1000,Mountain West,,FALSE
Boston College Eagles,1000,ACC,,FALSE
Bowling Green Falcons,1000,MAC,,FALSE
Bradley Braves,1000,MVC,,FALSE
Brown Bears,1000,Ivy League,,FALSE
Bryant Bulldogs,1000,America East,,FALSE
Bucknell Bison,1000,Patriot,,FALSE
Buffalo Bulls,1000,MAC,,FALSE
Butler Bulldogs,1000,Big East,,FALSE
Cal Poly Mustangs,1000,Big West,,FALSE
Cal State Bakersfield Roadrunners,1000,Big West,,FALSE
Cal State Fullerton Titans,1000,Big West,,FALSE
Cal State Northridge Matadors,1000,Big West,,FALSE
California Baptist Lancers,1000,WAC,,FALSE
California Golden Bears,1000,ACC,,FALSE
Campbell Fighting Camels,1000,CAA,,FALSE
Canisius Golden Griffins,1000,MAAC,,FALSE
Central Arkansas Bears,1000,ASUN,,FALSE
Central Connecticut Blue Devils,1000,NEC,,FALSE
Central Michigan Chippewas,1000,MAC,,FALSE
Charleston Cougars,1000,CAA,,FALSE
Charleston Southern Buccaneers,1000,Big South,,FALSE
Charlotte 49ers,1000,American,,FALSE
Chattanooga Mocs,1000,Southern,,FALSE
Chicago State Cougars,1000,NEC,,FALSE
Cincinnati Bearcats,1000,Big 12,,FALSE
Clemson Tigers,1000,ACC,,FALSE
Cleveland State Vikings,1000,Horizon,,FALSE
Coastal Carolina Chanticleers,1000,Sun Belt,,FALSE
Colgate Raiders,1000,Patriot,,FALSE
Colorado Buffaloes,1000,Big 12,,FALSE
Colorado State Rams,1000,Mountain West,,FALSE
Columbia Lions,1000,Ivy League,,FALSE
Coppin State Eagles,1000,MEAC,,FALSE
Cornell Big Red,1000,Ivy League,,FALSE
Creighton Bluejays,1000,Big East,,FALSE
Dartmouth Big Green,1000,Ivy League,,FALSE
Davidson Wildcats,1000,A10,,FALSE
Dayton Flyers,1000,A10,,FALSE
DePaul Blue Demons,1000,Big East,,FALSE
Delaware Blue Hens,1000,CUSA,,FALSE
Delaware State Hornets,1000,MEAC,,FALSE
Denver Pioneers,1000,Summit,,FALSE
Drake Bulldogs,1000,MVC,,FALSE
Duke Blue Devils,1000,ACC,,FALSE
Duquesne Dukes,1000,A10,,FALSE
East Carolina Pirates,1000,American,,FALSE
East Tennessee State Buccaneers,1000,Southern,,FALSE
East Texas A&M Lions,1000,Southland,,FALSE
Eastern Illinois Panthers,1000,OVC,,FALSE
Eastern Kentucky Colonels,1000,ASUN,,FALSE
Eastern Michigan Eagles,1000,MAC,,FALSE
Eastern Washington Eagles,1000,Big Sky,,FALSE
Elon Phoenix,1000,CAA,,FALSE
Evansville Purple Aces,1000,MVC,,FALSE
Fairfield Stags,1000,MAAC,,FALSE
Fairleigh Dickinson Knights,1000,NEC,,FALSE
Florida A&M Rattlers,1000,SWAC,,FALSE
Florida Atlantic Owls,1000,American,,FALSE
Florida Gators,1000,SEC,,FALSE
Florida Gulf Coast Eagles,1000,ASUN,,FALSE
Florida International Panthers,1000,CUSA,,FALSE
Florida State Seminoles,1000,ACC,,FALSE
Fordham Rams,1000,A10,,FALSE
Fresno State Bulldogs,1000,Mountain West,,FALSE
Furman Paladins,1000,Southern,,FALSE
Gardner-Webb Runnin' Bulldogs,1000,Big South,,FALSE
George Mason Patriots,1000,A10,,FALSE
George Washington Revolutionaries,1000,A10,,FALSE
Georgetown Hoyas,1000,Big East,,FALSE
Georgia Bulldogs,1000,SEC,,FALSE
Georgia Southern Eagles,1000,Sun Belt,,FALSE
Georgia State Panthers,1000,Sun Belt,,FALSE
Georgia Tech Yellow Jackets,1000,ACC,,FALSE
Gonzaga Bulldogs,1000,WCC,,FALSE
Grambling Tigers,1000,SWAC,,FALSE
Grand Canyon Lopes,1000,Mountain West,,FALSE
Green Bay Phoenix,1000,Horizon,,FALSE
Hampton Pirates,1000,CAA,,FALSE
Harvard Crimson,1000,Ivy League,,FALSE
Hawai'i Rainbow Warriors,1000,Big West,,FALSE
High Point Panthers,1000,Big South,,FALSE
Hofstra Pride,1000,CAA,,FALSE
Holy Cross Crusaders,1000,Patriot,,FALSE
Houston Christian Huskies,1000,Southland,,FALSE
Houston Cougars,1000,Big 12,,FALSE
Howard Bison,1000,MEAC,,FALSE
IU Indianapolis Jaguars,1000,Horizon,,FALSE
Idaho State Bengals,1000,Big Sky,,FALSE
Idaho Vandals,1000,Big Sky,,FALSE
Illinois Fighting Illini,1000,Big 10,,FALSE
Illinois State Redbirds,1000,MVC,,FALSE
Incarnate Word Cardinals,1000,Southland,,FALSE
Indiana Hoosiers,1000,Big 10,,FALSE
Indiana State Sycamores,1000,MVC,,FALSE
Iona Gaels,1000,MAAC,,FALSE
Iowa Hawkeyes,1000,Big 10,,FALSE
Iowa State Cyclones,1000,Big 12,,FALSE
Jackson State Tigers,1000,SWAC,,FALSE
Jacksonville Dolphins,1000,ASUN,,FALSE
Jacksonville State Gamecocks,1000,CUSA,,FALSE
James Madison Dukes,1000,Sun Belt,,FALSE
Kansas City Kangaroos,1000,Summit,,FALSE
Kansas Jayhawks,1000,Big 12,,FALSE
Kansas State Wildcats,1000,Big 12,,FALSE
Kennesaw State Owls,1000,CUSA,,FALSE
Kent State Golden Flashes,1000,MAC,,FALSE
Kentucky Wildcats,1000,SEC,,FALSE
LSU New Orleans Privateers,1000,Southland,,FALSE
LSU Tigers,1000,SEC,,FALSE
Lafayette Leopards,1000,Patriot,,FALSE
Lamar Cardinals,1000,Southland,,FALSE
Le Moyne Dolphins,1000,NEC,,FALSE
Lehigh Mountain Hawks,1000,Patriot,,FALSE
Liberty Flames,1000,CUSA,,FALSE
Lindenwood Lions,1000,OVC,,FALSE
Lipscomb Bisons,1000,ASUN,,FALSE
Little Rock Trojans,1000,OVC,,FALSE
Long Beach State 49ers,1000,Big West,,FALSE
Long Island University Sharks,1000,NEC,,FALSE
Louisiana Ragin' Cajuns,1000,Sun Belt,,FALSE
Louisiana Tech Bulldogs,1000,CUSA,,FALSE
Louisville Cardinals,1000,ACC,,FALSE
Loyola Chicago Ramblers,1000,A10,,FALSE
Loyola Maryland Greyhounds,1000,Patriot,,FALSE
Loyola Marymount Lions,1000,WCC,,FALSE
Manhattan Jaspers,1000,MAAC,,FALSE
Marist Red Foxes,1000,MAAC,,FALSE
Marquette Golden Eagles,1000,Big East,,FALSE
Marshall Thundering Herd,1000,Sun Belt,,FALSE
Maryland Eastern Shore Hawks,1000,MEAC,,FALSE
Maryland Terrapins,1000,Big 10,,FALSE
McNeese Cowboys,1000,Southland,,FALSE
Memphis Tigers,1000,American,,FALSE
Mercer Bears,1000,Southern,,FALSE
Mercyhurst Lakers,1000,NEC,,FALSE
Miami (OH) RedHawks,1000,MAC,,FALSE
Miami Hurricanes,1000,ACC,,FALSE
Michigan State Spartans,1000,Big 10,,FALSE
Michigan Wolverines,1000,Big 10,,FALSE
Middle Tennessee Blue Raiders,1000,CUSA,,FALSE
Milwaukee Panthers,1000,Horizon,,FALSE
Minnesota Golden Gophers,1000,Big 10,,FALSE
Mississippi State Bulldogs,1000,SEC,,FALSE
Mississippi Valley State Delta Devils,1000,SWAC,,FALSE
Missouri State Bears,1000,CUSA,,FALSE
Missouri Tigers,1000,SEC,,FALSE
Montana Grizzlies,1000,Big Sky,,FALSE
Montana State Bobcats,1000,Big Sky,,FALSE
Morehead State Eagles,1000,OVC,,FALSE
Morgan State Bears,1000,MEAC,,FALSE
Murray State Racers,1000,MVC,,FALSE
NC State Wolfpack,1000,ACC,,FALSE
NJIT Highlanders,1000,America East,,FALSE
Navy Midshipmen,1000,Patriot,,FALSE
Nebraska Cornhuskers,1000,Big 10,,FALSE
Nevada Wolf Pack,1000,Mountain West,,FALSE
New Hampshire Wildcats,1000,America East,,FALSE
New Haven Chargers,1000,NEC,,FALSE
New Mexico Lobos,1000,CUSA,,FALSE
New Mexico State Aggies,1000,CUSA,,FALSE
Niagara Purple Eagles,1000,MAAC,,FALSE
Nicholls Colonels,1000,Southland,,FALSE
Norfolk State Spartans,1000,MEAC,,FALSE
North Alabama Lions,1000,ASUN,,FALSE
North Carolina A&T Aggies,1000,ACC,,FALSE
North Carolina Central Eagles,1000,ACC,,FALSE
North Carolina Tar Heels,1000,ACC,,FALSE
North Dakota Fighting Hawks,1000,Summit,,FALSE
North Dakota State Bison,1000,Summit,,FALSE
North Florida Ospreys,1000,ASUN,,FALSE
North Texas Mean Green,1000,American,,FALSE
Northeastern Huskies,1000,CAA,,FALSE
Northern Arizona Lumberjacks,1000,Big Sky,,FALSE
Northern Colorado Bears,1000,Big Sky,,FALSE
Northern Illinois Huskies,1000,MAC,,FALSE
Northern Iowa Panthers,1000,MVC,,FALSE
Northern Kentucky Norse,1000,Horizon,,FALSE
Northwestern State Demons,1000,Southland,,FALSE
Northwestern Wildcats,1000,Big 10,,FALSE
Notre Dame Fighting Irish,1000,ACC,,FALSE
Oakland Golden Grizzlies,1000,Horizon,,FALSE
Ohio Bobcats,1000,MAC,,FALSE
Ohio State Buckeyes,1000,Big 10,,FALSE
Oklahoma Sooners,1000,SEC,,FALSE
Ole Miss Rebels,1000,SEC,,FALSE
Omaha Mavericks,1000,Summit,,FALSE
Oral Roberts Golden Eagles,1000,Summit,,FALSE
Oregon Ducks,1000,Big 10,,FALSE
Oregon State Beavers,1000,WCC,,FALSE
Pacific Tigers,1000,WCC,,FALSE
Penn State Nittany Lions,1000,Big 10,,FALSE
Pennsylvania Quakers,1000,Ivy League,,FALSE
Pepperdine Waves,1000,WCC,,FALSE
Pittsburgh Panthers,1000,ACC,,FALSE
Portland Pilots,1000,WCC,,FALSE
Portland State Vikings,1000,Big Sky,,FALSE
Prairie View A&M Panthers,1000,SWAC,,FALSE
Presbyterian Blue Hose,1000,Big South,,FALSE
Princeton Tigers,1000,Ivy League,,FALSE
Providence Friars,1000,Big East,,FALSE
Purdue Boilermakers,1000,Big 10,,FALSE
Purdue Fort Wayne Mastodons,1000,Horizon,,FALSE
Queens University Royals,1000,ASUN,,FALSE
Quinnipiac Bobcats,1000,MAAC,,FALSE
Radford Highlanders,1000,Big South,,FALSE
Rhode Island Rams,1000,A10,,FALSE
Rice Owls,1000,American,,FALSE
Rider Broncs,1000,MAAC,,FALSE
Robert Morris Colonials,1000,Horizon,,FALSE
Rutgers Scarlet Knights,1000,Big 10,,FALSE
SE Louisiana Lions,1000,Southland,,FALSE
SIU Edwardsville Cougars,1000,OVC,,FALSE
SMU Mustangs,1000,ACC,,FALSE
Sacramento State Hornets,1000,Big Sky,,FALSE
Sacred Heart Pioneers,1000,MAAC,,FALSE
Saint Francis Red Flash,1000,NEC,,FALSE
Saint Louis Billikens,1000,A10,,FALSE
Saint Mary's Gaels,1000,WCC,,FALSE
Saint Peter's Peacocks,1000,MAAC,,FALSE
Sam Houston Bearkats,1000,CUSA,,FALSE
Samford Bulldogs,1000,Southern,,FALSE
San Diego State Aztecs,1000,Mountain West,,FALSE
San Diego Toreros,1000,Mountain West,,FALSE
San Francisco Dons,1000,WCC,,FALSE
San José State Spartans,1000,Mountain West,,FALSE
Santa Clara Broncos,1000,WCC,,FALSE
Savannah State Tigers,1000,,,FALSE
Seattle U Redhawks,1000,WCC,,FALSE
Seton Hall Pirates,1000,Big East,,FALSE
Siena Saints,1000,MAAC,,FALSE
South Alabama Jaguars,1000,Sun Belt,,FALSE
South Carolina Gamecocks,1000,Big South,,FALSE
South Carolina State Bulldogs,1000,Big South,,FALSE
South Carolina Upstate Spartans,1000,Big South,,FALSE
South Dakota Coyotes,1000,Summit,,FALSE
South Dakota State Jackrabbits,1000,Summit,,FALSE
South Florida Bulls,1000,American,,FALSE
Southeast Missouri State Redhawks,1000,OVC,,FALSE
Southern Illinois Salukis,1000,MVC,,FALSE
Southern Indiana Screaming Eagles,1000,OVC,,FALSE
Southern Jaguars,1000,SWAC,,FALSE
Southern Miss Golden Eagles,1000,Sun Belt,,FALSE
Southern Utah Thunderbirds,1000,WAC,,FALSE
St. John's Red Storm,1000,Big East,,FALSE
St. Thomas Tommies,1000,Summit,,FALSE
Stanford Cardinal,1000,ACC,,FALSE
Stephen F. Austin Lumberjacks,1000,Southland,,FALSE
Stetson Hatters,1000,ASUN,,FALSE
Stonehill Skyhawks,1000,NEC,,FALSE
Stony Brook Seawolves,1000,CAA,,FALSE
Syracuse Orange,1000,ACC,,FALSE
TCU Horned Frogs,1000,Big 12,,FALSE
Tarleton State Texans,1000,WAC,,FALSE
Temple Owls,1000,American,,FALSE
Tennessee State Tigers,1000,OVC,,FALSE
Tennessee Tech Golden Eagles,1000,OVC,,FALSE
Tennessee Volunteers,1000,SEC,,FALSE
Texas A&M Aggies,1000,SEC,,FALSE
Texas A&M-Corpus Christi Islanders,1000,Southland,,FALSE
Texas Longhorns,1000,SEC,,FALSE
Texas Southern Tigers,1000,SWAC,,FALSE
Texas State Bobcats,1000,Sun Belt,,FALSE
Texas Tech Red Raiders,1000,Big 12,,FALSE
The Citadel Bulldogs,1000,,,FALSE
Toledo Rockets,1000,MAC,,FALSE
Towson Tigers,1000,CAA,,FALSE
Troy Trojans,1000,Sun Belt,,FALSE
Tulane Green Wave,1000,American,,FALSE
Tulsa Golden Hurricane,1000,American,,FALSE
UAB Blazers,1000,American,,FALSE
UAlbany Great Danes,1000,America East,,FALSE
UC Davis Aggies,1000,Big West,,FALSE
UC Irvine Anteaters,1000,Big West,,FALSE
UC Riverside Highlanders,1000,Big West,,FALSE
UC Santa Barbara Gauchos,1000,Big West,,FALSE
UCF Knights,1000,Big 12,,FALSE
UCLA Bruins,1000,Big 10,,FALSE
UConn Huskies,1000,Big East,,FALSE
UIC Flames,1000,MVC,,FALSE
UL Monroe Warhawks,1000,Sun Belt,,FALSE
UMBC Retrievers,1000,America East,,FALSE
UNC Asheville Bulldogs,1000,Big South,,FALSE
UNC Greensboro Spartans,1000,Southern,,FALSE
UNC Wilmington Seahawks,1000,CAA,,FALSE
UNLV Rebels,1000,Mountain West,,FALSE
USC Trojans,1000,Big 10,,FALSE
UT Arlington Mavericks,1000,WAC,,FALSE
UT Martin Skyhawks,1000,OVC,,FALSE
UT Rio Grande Valley Vaqueros,1000,Southland,,FALSE
UTEP Miners,1000,CUSA,,FALSE
UTSA Roadrunners,1000,American,,FALSE
Utah State Aggies,1000,Mountain West,,FALSE
Utah Tech Trailblazers,1000,WAC,,FALSE
Utah Utes,1000,Big 12,,FALSE
Utah Valley Wolverines,1000,WAC,,FALSE
VCU Rams,1000,A10,,FALSE
Valparaiso VALPARAISO,1000,MVC,,FALSE
Villanova Wildcats,1000,Big East,,FALSE
Virginia Cavaliers,1000,ACC,,FALSE
Virginia Tech Hokies,1000,ACC,,FALSE
Wake Forest Demon Deacons,1000,ACC,,FALSE
Washington Huskies,1000,Big 10,,FALSE
Washington State Cougars,1000,WCC,,FALSE
Weber State Wildcats,1000,Big Sky,,FALSE
West Georgia Wolves,1000,ASUN,,FALSE
West Virginia Mountaineers,1000,Big 12,,FALSE
Western Carolina Catamounts,1000,Southern,,FALSE
Western Illinois Leathernecks,1000,OVC,,FALSE
Western Kentucky Hilltoppers,1000,CUSA,,FALSE
Western Michigan Broncos,1000,MAC,,FALSE
Wichita State Shockers,1000,American,,FALSE
William & Mary Tribe,1000,CAA,,FALSE
Winthrop Eagles,1000,Big South,,FALSE
Wisconsin Badgers,1000,Big 10,,FALSE
Wofford Terriers,1000,Southern,,FALSE
Wright State Raiders,1000,Horizon,,FALSE
Wyoming Cowboys,1000,Mountain West,,FALSE
Xavier Musketeers,1000,Big East,,FALSE
Yale Bulldogs,1000,Ivy League,,FALSE
Youngstown State Penguins,1000,Horizon,,FALSE
Merrimack Warriors,1000,MAAC,,FALSE
Old Dominion Monarchs,1000,Sun Belt,,FALSE
UC San Diego Tritons,1000,Big West,,FALSE
Vanderbilt Commodores,1000,SEC,,FALSE
West Florida Argonauts,1000,,,FALSE
